temps_ms,pi_valeur,erreur_avant,error_avant_relative,log10Error,ntotal,n_workers
62,3.141099,-4.936535897930305E-4,-1.5715951321274195E-4,-3.3065777004981456,8000000,8
363,3.1415013,-9.1353589793286E-5,-2.9079596367916832E-5,-4.039274382117864,80000000,8
3316,3.141571235,-2.1418589793320564E-5,-6.8177953613458535E-6,-4.6692091266479805,800000000,8
31903,3.141623409,3.075541020702843E-5,9.789655284246206E-6,-4.512078476103708,8000000000,8
